"Force.type";"Force.level";"year.of.record"
"1";"Firearm Exhibited";"L1";2015
"2";"L2-Taser";"L2";2015
"3";"Firearm Exhibited";"L1";2015
"4";"Firearm Exhibited";"L1";2015
"5";"Firearm Exhibited";"L1";2015
"6";"Firearm Exhibited";"L1";2015
"7";"L2-Taser";"L2";2015
"8";"Canine (No Bite)";"L1";2015
"9";"Firearm Exhibited";"L1";2015
"10";"Firearm Exhibited";"L1";2015
"11";"Defense Tech / Take-down";"L2";2015
"12";"Hands / Escort tech";"L1";2015
"13";"Hands / Escort tech";"L1";2015
"14";"L2-Taser";"L2";2015
"15";"Hands / Escort tech";"L1";2015
"16";"Canine (No Bite)";"L1";2015
"17";"Firearm Exhibited";"L1";2015
"18";"Taser Exhibited ";"L1";2015
"19";"Canine (No Bite)";"L1";2015
"20";"Firearm Discharged";"L4";2015
"21";"Firearm Exhibited";"L1";2015
"22";"Firearm Exhibited";"L1";2015
"23";"Firearm Exhibited";"L1";2015
"24";"Firearm Exhibited";"L1";2015
"25";"Firearm Discharged";"L4";2015
"26";"L2-Taser";"L2";2015
"27";"Firearm Exhibited";"L1";2015
"28";"Hands / Escort tech";"L1";2015
"29";"Hands / Escort tech";"L1";2015
"30";"Hands / Escort tech";"L1";2015
"31";"Hands / Escort tech";"L1";2015
"32";"Firearm Exhibited";"L1";2015
"33";"Firearm Exhibited";"L1";2015
"34";"Firearm Exhibited";"L1";2015
"35";"Firearm Exhibited";"L1";2015
"36";"Firearm Exhibited";"L1";2015
"37";"Firearm Exhibited";"L1";2015
"38";"Firearm Exhibited";"L1";2015
"39";"Firearm Exhibited";"L1";2015
"40";"Firearm Exhibited";"L1";2015
"41";"Firearm Exhibited";"L1";2015
"42";"Firearm Exhibited";"L1";2015
"43";"Firearm Exhibited";"L1";2015
"44";"Firearm Exhibited";"L1";2015
"45";"Firearm Exhibited";"L1";2015
"46";"Firearm Exhibited";"L1";2015
"47";"Firearm Exhibited";"L1";2015
"48";"Firearm Exhibited";"L1";2015
"49";"Firearm Exhibited";"L1";2015
"50";"Firearm Exhibited";"L1";2015
"51";"Firearm Exhibited";"L1";2015
"52";"Firearm Exhibited";"L1";2015
"53";"Hands / Escort tech";"L1";2015
"54";"Hands / Escort tech";"L1";2015
"55";"L2-Taser";"L2";2015
"56";"Taser Exhibited ";"L1";2015
"57";"Firearm Exhibited";"L1";2015
"58";"Canine (No Bite)";"L1";2015
"59";"Firearm Exhibited";"L1";2015
"60";"Firearm Exhibited";"L1";2015
"61";"Firearm Exhibited";"L1";2015
"62";"Firearm Exhibited";"L1";2015
"63";"Hands / Escort tech";"L1";2015
"64";"Firearm Exhibited";"L1";2015
"65";"Hands / Escort tech";"L1";2015
"66";"Hands / Escort tech";"L1";2015
"67";"Hands / Escort tech";"L1";2015
"68";"Hands / Escort tech";"L1";2015
"69";"Firearm Exhibited";"L1";2015
"70";"Firearm Exhibited";"L1";2015
"71";"Firearm Exhibited";"L1";2015
"72";"Firearm Exhibited";"L1";2015
"73";"Firearm Exhibited";"L1";2015
"74";"Firearm Exhibited";"L1";2015
"75";"Firearm Exhibited";"L1";2015
"76";"Firearm Exhibited";"L1";2015
"77";"Firearm Exhibited";"L1";2015
"78";"Firearm Exhibited";"L1";2015
"79";"Firearm Exhibited";"L1";2015
"80";"Firearm Exhibited";"L1";2015
"81";"Firearm Exhibited";"N/A";2015
"82";"L2-Taser";"L2";2015
"83";"Hands / Escort tech";"L1";2015
"84";"Hands / Escort tech";"L1";2015
"85";"Hands / Escort tech";"L1";2015
"86";"Taser Exhibited ";"L1";2015
"87";"Taser Exhibited ";"L1";2015
"88";"Hands / Escort tech";"L1";2015
"89";"Hands / Escort tech";"L1";2015
"90";"L2-Taser";"L2";2015
"91";"L2-Taser";"L2";2015
"92";"Firearm Exhibited";"L1";2015
"93";"Firearm Exhibited";"L1";2015
"94";"Canine (No Bite)";"L1";2015
"95";"Canine (No Bite)";"L1";2015
"96";"Hands / Escort tech";"L1";2015
"97";"Hands / Escort tech";"L1";2015
"98";"Hands / Escort tech";"L1";2015
"99";"Hands / Escort tech";"L1";2015
"100";"Hands / Escort tech";"L1";2015
"101";"L2-Taser";"L2";2015
"102";"Firearm Exhibited";"L1";2015
"103";"Taser Exhibited ";"L1";2015
"104";"Firearm Exhibited";"L1";2015
"105";"Firearm Exhibited";"L1";2015
"106";"Firearm Exhibited";"L1";2015
"107";"Firearm Exhibited";"L1";2015
"108";"Firearm Exhibited";"L1";2015
"109";"Firearm Exhibited";"L1";2015
"110";"Firearm Exhibited";"L1";2015
"111";"Firearm Exhibited";"L1";2015
"112";"Firearm Exhibited";"L1";2015
"113";"Firearm Exhibited";"L1";2015
"114";"Firearm Exhibited";"L1";2015
"115";"Firearm Exhibited";"L1";2015
"116";"Hands / Escort tech";"L1";2015
"117";"Defense Tech / Take-down";"L2";2015
"118";"Hands / Escort tech";"L1";2015
"119";"Defense Tech / Take-down";"L2";2015
"120";"Firearm Exhibited";"L1";2015
"121";"Hands / Escort tech";"L1";2015
"122";"Defense Tech / Take-down";"L2";2015
"123";"Hands / Escort tech";"L1";2015
"124";"Defense Tech / Take-down";"L2";2015
"125";"Hands / Escort tech";"L1";2015
"126";"Hands / Escort tech";"L1";2015
"127";"Firearm Exhibited";"L1";2015
"128";"Canine (No Bite)";"L1";2015
"129";"Hands / Escort tech";"L1";2015
"130";"Hands / Escort tech";"L1";2015
"131";"Defense Tech / Take-down";"L2";2015
"132";"L2-Taser";"L2";2015
"133";"Firearm Exhibited";"L1";2015
"134";"Defense Tech / Take-down";"L2";2015
"135";"Defense Tech / Take-down";"L2";2015
"136";"Defense Tech / Take-down";"L2";2015
"137";"L2-Taser";"L2";2015
"138";"Firearm Exhibited";"L1";2015
"139";"Hands / Escort tech";"L1";2015
"140";"Hands / Escort tech";"L1";2015
"141";"Firearm Exhibited";"L1";2015
"142";"Hands / Escort tech";"L1";2015
"143";"Firearm Exhibited";"L1";2015
"144";"L2-Taser";"L2";2015
"145";"Defense Tech / Take-down";"L2";2015
"146";"Firearm Exhibited";"L1";2015
"147";"Firearm Exhibited";"L1";2015
"148";"Firearm Exhibited";"L1";2015
"149";"Firearm Exhibited";"L1";2015
"150";"Hands / Escort tech";"L1";2015
"151";"Hands / Escort tech";"L1";2015
"152";"Hands / Escort tech";"L1";2015
"153";"L2-Taser";"L2";2015
"154";"Defense Tech / Take-down";"L2";2015
"155";"Canine (No Bite)";"L1";2015
"156";"";"";2015
"157";"L2-Taser";"L2";2015
"158";"L2-Taser";"L2";2015
"159";"Firearm Exhibited";"L1";2015
"160";"Firearm Exhibited";"L1";2015
"161";"Hands / Escort tech";"L1";2015
"162";"Firearm Exhibited";"L1";2015
"163";"Hands / Escort tech";"L1";2015
"164";"Hands / Escort tech";"L1";2015
"165";"Baton Miss";"L2";2015
"166";"Baton Miss";"L2";2015
"167";"Hands / Escort tech";"L1";2015
"168";"Hands / Escort tech";"L1";2015
"169";"Hands / Escort tech";"L1";2015
"170";"Hands / Escort tech";"L1";2015
"171";"Hands / Escort tech";"L1";2015
"172";"Hands / Escort tech";"L1";2015
"173";"Firearm Exhibited";"L1";2015
"174";"Hands / Escort tech";"L1";2015
"175";"Taser Exhibited ";"L1";2015
"176";"Firearm Exhibited";"L1";2015
"177";"Firearm Exhibited";"L1";2015
"178";"L2-Taser";"L2";2015
"179";"L2-Taser";"L2";2015
"180";"Firearm Exhibited";"L1";2015
"181";"Hands / Escort tech";"L1";2015
"182";"Hands / Escort tech";"L1";2015
"183";"Hands / Escort tech";"L1";2015
"184";"L4-Taser";"L4";2015
"185";"Hands / Escort tech";"L1";2015
"186";"Hands / Escort tech";"L1";2015
"187";"Hands / Escort tech";"L1";2015
"188";"Hands / Escort tech";"L1";2015
"189";"Defense Tech / Take-down";"L2";2015
"190";"Not reported";"NULL";2015
"191";"L2-Taser";"L2";2015
"192";"Hands / Escort tech";"L1";2015
"193";"Defense Tech / Take-down";"L2";2015
"194";"Taser Exhibited ";"L1";2015
"195";"Hands / Escort tech";"L1";2015
"196";"Hands / Escort tech";"L1";2015
"197";"Hands / Escort tech";"L1";2015
"198";"Hands / Escort tech";"L1";2015
"199";"L4-Taser";"L4";2015
"200";"Hands / Escort tech";"L1";2015
"201";"Hands / Escort tech";"L1";2015
"202";"L2-Taser";"L2";2015
"203";"Hands / Escort tech";"L1";2015
"204";"Hands / Escort tech";"L1";2015
"205";"Taser Exhibited ";"L1";2015
"206";"L2-Taser";"L2";2015
"207";"Hands / Escort tech";"L1";2015
"208";"Defense Tech / Take-down";"L2";2015
"209";"";"";2015
"210";"Defense Tech / Take-down";"L2";2015
"211";"";"";2015
"212";"Taser Exhibited ";"L1";2015
"213";"";"";2015
"214";"Taser Exhibited ";"L1";2015
"215";"";"";2015
"216";"Firearm Exhibited";"L1";2015
"217";"";"";2015
"218";"Firearm Exhibited";"L1";2015
"219";"";"";2015
"220";"Hands / Escort tech";"L1";2015
"221";"Hands / Escort tech";"L1";2015
"222";"Taser Exhibited ";"L1";2015
"223";"Firearm Exhibited";"L1";2015
"224";"Hands / Escort tech";"L1";2015
"225";"Firearm Exhibited";"L1";2015
"226";"Firearm Exhibited";"L1";2015
"227";"Firearm Exhibited";"L1";2015
"228";"Firearm Exhibited";"L1";2015
"229";"Firearm Exhibited";"L1";2015
"230";"Firearm Exhibited";"L1";2015
"231";"Firearm Exhibited";"L1";2015
"232";"Firearm Exhibited";"L1";2015
"233";"Firearm Exhibited";"L1";2015
"234";"Firearm Exhibited";"L1";2015
"235";"Hands / Escort tech";"L1";2015
"236";"Defense Tech / Take-down";"L2";2015
"237";"Hands / Escort tech";"L1";2015
"238";"Hands / Escort tech";"L1";2015
"239";"L2-Taser";"L2";2015
"240";"Taser Exhibited ";"L1";2015
"241";"Taser Exhibited ";"L1";2015
"242";"Defense Tech / Take-down";"L2";2015
"243";"Hands / Escort tech";"L1";2015
"244";"Defense Tech / Take-down";"L2";2015
"245";"Firearm Exhibited";"L1";2015
"246";"Canine (No Bite)";"L1";2015
"247";"Taser Exhibited ";"L1";2015
"248";"Defense Tech / Take-down";"L2";2015
"249";"Defense Tech / Take-down";"L2";2015
"250";"L2-Taser";"L2";2015
"251";"Defense Tech / Take-down";"L2";2015
"252";"Defense Tech / Take-down";"L2";2015
"253";"Hands / Escort tech";"L1";2015
"254";"Hands / Escort tech";"L1";2015
"255";"Defense Tech / Take-down";"L2";2015
"256";"Hands / Escort tech";"L1";2015
"257";"Defense Tech / Take-down";"L2";2015
"258";"Hands / Escort tech";"L1";2015
"259";"Not reported";"NULL";2015
"260";"Defense Tech / Take-down";"L2";2015
"261";"Taser Exhibited ";"L1";2015
"262";"L2-Taser";"L2";2015
"263";"L2-Taser";"L2";2015
"264";"Taser Exhibited ";"L1";2015
"265";"Defense Tech / Take-down";"L2";2015
"266";"L2-Taser";"L2";2015
"267";"Canine (Bite)";"L4";2015
"268";"L2-Taser";"L2";2015
"269";"L2-Taser";"L2";2015
"270";"L2-Taser";"L2";2015
"271";"Hands / Escort tech";"L1";2015
"272";"Hands / Escort tech";"L1";2015
"273";"Hands / Escort tech";"L1";2015
"274";"Hands / Escort tech";"L1";2015
"275";"Canine (No Bite)";"L1";2015
"276";"L2-Taser";"L2";2015
"277";"Taser Exhibited ";"L1";2015
"278";"Hands / Escort tech";"L1";2015
"279";"Hands / Escort tech";"L1";2015
"280";"Hands / Escort tech";"L1";2015
"281";"Hands / Escort tech";"L1";2015
"282";"Hands / Escort tech";"L1";2015
"283";"Firearm Exhibited";"L1";2015
"284";"Firearm Exhibited";"L1";2015
"285";"Firearm Exhibited";"L1";2015
"286";"Hands / Escort tech";"L1";2015
"287";"Hands / Escort tech";"L1";2015
"288";"Hands / Escort tech";"L1";2015
"289";"Hands / Escort tech";"L1";2015
"290";"Hands / Escort tech";"L1";2015
"291";"Firearm Exhibited";"L1";2015
"292";"Firearm Exhibited";"L1";2015
"293";"Firearm Exhibited";"L1";2015
"294";"Hands / Escort tech";"L1";2015
"295";"Hands / Escort tech";"L1";2015
"296";"Defense Tech / Take-down";"L2";2015
"297";"Taser Exhibited ";"L1";2015
"298";"Defense Tech / Take-down";"L2";2015
"299";"Defense Tech / Take-down";"L2";2015
"300";"Hands / Escort tech";"L1";2015
"301";"L2-Taser";"L2";2015
"302";"Firearm Exhibited";"L1";2015
"303";"Taser Exhibited ";"L1";2015
"304";"Canine (No Bite)";"L1";2015
"305";"Firearm Exhibited";"L1";2015
"306";"L2-Taser";"L2";2015
"307";"Hands / Escort tech";"L1";2015
"308";"Hands / Escort tech";"L1";2015
"309";"Hands / Escort tech";"L1";2015
"310";"Taser Exhibited ";"L1";2015
"311";"Hands / Escort tech";"L1";2015
"312";"Taser Exhibited ";"L1";2015
"313";"Defense Tech / Take-down";"L2";2015
"314";"Defense Tech / Take-down";"L2";2015
"315";"L2-Taser";"L2";2015
"316";"Defense Tech / Take-down";"L2";2015
"317";"Defense Tech / Take-down";"L2";2015
"318";"L2-Taser";"L2";2015
"319";"Taser Exhibited ";"L1";2015
"320";"L2-Taser";"L2";2015
"321";"Hands / Escort tech";"L1";2015
"322";"Hands / Escort tech";"L1";2015
"323";"Hands / Escort tech";"L1";2015
"324";"Firearm Exhibited";"L1";2015
"325";"Firearm Exhibited";"L1";2015
"326";"Firearm Exhibited";"L1";2015
"327";"Firearm Exhibited";"L1";2015
"328";"Defense Tech / Take-down";"L2";2015
"329";"Defense Tech / Take-down";"L2";2015
"330";"Hands / Escort tech";"L1";2015
"331";"Defense Tech / Take-down";"L2";2015
"332";"Hands / Escort tech";"L1";2015
"333";"Hands / Escort tech";"L1";2015
"334";"Firearm Exhibited";"L1";2015
"335";"Firearm Exhibited";"L1";2015
"336";"Firearm Exhibited";"L1";2015
"337";"Firearm Exhibited";"L1";2015
"338";"Firearm Exhibited";"L1";2015
"339";"Firearm Exhibited";"L1";2015
"340";"Firearm Exhibited";"L1";2015
"341";"Firearm Exhibited";"L1";2015
"342";"Firearm Exhibited";"L1";2015
"343";"Firearm Exhibited";"L1";2015
"344";"Defense Tech / Take-down";"L2";2015
"345";"Hands / Escort tech";"L1";2015
"346";"Hands / Escort tech";"L1";2015
"347";"Canine (Bite)";"L4";2015
"348";"Defense Tech / Take-down";"L2";2015
"349";"Defense Tech / Take-down";"L2";2015
"350";"Taser Exhibited ";"L1";2015
"351";"Firearm Exhibited";"L1";2015
"352";"Hands / Escort tech";"L1";2015
"353";"Hands / Escort tech";"L1";2015
"354";"Taser Exhibited ";"L1";2015
"355";"Taser Exhibited ";"L1";2015
"356";"Defense Tech / Take-down";"L2";2015
"357";"Defense Tech / Take-down";"L2";2015
"358";"Defense Tech / Take-down";"L2";2015
"359";"Hands / Escort tech";"L1";2015
"360";"Defense Tech / Take-down";"L2";2015
"361";"L2-Taser";"L2";2015
"362";"Taser Exhibited ";"L1";2015
"363";"Canine (No Bite)";"L1";2015
"364";"Canine (No Bite)";"L1";2015
"365";"Firearm Exhibited";"L1";2015
"366";"Firearm Exhibited";"L1";2015
"367";"Firearm Exhibited";"L1";2015
"368";"Firearm Exhibited";"L1";2015
"369";"Hands / Escort tech";"L1";2015
"370";"Taser Exhibited ";"L1";2015
"371";"Taser Exhibited ";"L1";2015
"372";"Defense Tech / Take-down";"L2";2015
"373";"L2-Taser";"L2";2015
"374";"L2-Taser";"L2";2015
"375";"Firearm Exhibited";"L1";2015
"376";"Firearm Exhibited";"L1";2015
"377";"Firearm Exhibited";"L1";2015
"378";"Firearm Exhibited";"L1";2015
"379";"Firearm Exhibited";"L1";2015
"380";"Firearm Exhibited";"L1";2015
"381";"Hands / Escort tech";"L1";2015
"382";"Taser Exhibited ";"L1";2015
"383";"Firearm Exhibited";"L1";2015
"384";"Hands / Escort tech";"L1";2015
"385";"Hands / Escort tech";"L1";2015
"386";"Taser Exhibited ";"L1";2015
"387";"Taser Exhibited ";"L1";2015
"388";"Taser Exhibited ";"L1";2015
"389";"Firearm Exhibited";"L1";2015
"390";"Firearm Exhibited";"L1";2015
"391";"Firearm Exhibited";"L1";2015
"392";"Firearm Exhibited";"L1";2015
"393";"Firearm Exhibited";"L1";2015
"394";"Firearm Exhibited";"L1";2015
"395";"Firearm Exhibited";"L1";2015
"396";"Firearm Exhibited";"L1";2015
"397";"Firearm Exhibited";"L1";2015
"398";"Firearm Exhibited";"L1";2015
"399";"Firearm Exhibited";"L1";2015
"400";"Firearm Exhibited";"L1";2015
"401";"Firearm Exhibited";"L1";2015
"402";"Hands / Escort tech";"L1";2015
"403";"Hands / Escort tech";"L1";2015
"404";"Hands / Escort tech";"L1";2015
"405";"Hands / Escort tech";"L1";2015
"406";"Defense Tech / Take-down";"L2";2015
"407";"Hands / Escort tech";"L1";2015
"408";"Hands / Escort tech";"L1";2015
"409";"Hands / Escort tech";"L1";2015
"410";"Hands / Escort tech";"L1";2015
"411";"Hands / Escort tech";"L1";2015
"412";"Hands / Escort tech";"L1";2015
"413";"Hands / Escort tech";"L1";2015
"414";"Hands / Escort tech";"L1";2015
"415";"Hands / Escort tech";"L1";2015
"416";"Hands / Escort tech";"L1";2015
"417";"Taser Exhibited ";"L1";2015
"418";"Hands / Escort tech";"L1";2015
"419";"Canine (Bite)";"L4";2015
"420";"Taser Exhibited ";"L1";2015
"421";"Firearm Exhibited";"L1";2015
"422";"Hands / Escort tech";"L1";2015
"423";"Firearm Exhibited";"L1";2015
"424";"Firearm Exhibited";"L1";2015
"425";"Firearm Exhibited";"L1";2015
"426";"Firearm Exhibited";"L1";2015
"427";"Hands / Escort tech";"L1";2015
"428";"Hands / Escort tech";"L1";2015
"429";"Canine (Bite)";"L4";2015
"430";"Hands / Escort tech";"L1";2015
"431";"Hands / Escort tech";"L1";2015
"432";"Hands / Escort tech";"L1";2015
"433";"Hands / Escort tech";"L1";2015
"434";"Firearm Discharged";"L4";2015
"435";"L2-Taser";"L2";2015
"436";"Firearm Exhibited";"L1";2015
"437";"Firearm Exhibited";"L1";2015
"438";"Firearm Exhibited";"L1";2015
"439";"Firearm Exhibited";"L1";2015
"440";"Firearm Discharged";"L4";2015
"441";"Firearm Discharged";"L4";2015
"442";"Firearm Discharged";"L4";2015
"443";"Firearm Discharged";"L4";2015
"444";"Firearm Exhibited";"L1";2015
"445";"Firearm Exhibited";"L1";2015
"446";"Defense Tech / Take-down";"L2";2015
"447";"L2-Taser";"L2";2015
"448";"Taser Exhibited ";"L1";2015
"449";"Hands / Escort tech";"L1";2015
"450";"Firearm Exhibited";"L1";2015
"451";"Firearm Exhibited";"L1";2015
"452";"Firearm Exhibited";"L1";2015
"453";"Firearm Exhibited";"L1";2015
"454";"Taser Exhibited ";"L1";2015
"455";"Taser Exhibited ";"L1";2015
"456";"Hands / Escort tech";"L1";2015
"457";"Hands / Escort tech";"L1";2015
"458";"Hands / Escort tech";"L1";2015
"459";"Firearm Exhibited";"L1";2015
"460";"Firearm Exhibited";"L1";2015
"461";"Hands / Escort tech";"L1";2015
"462";"Hands / Escort tech";"L1";2015
"463";"Firearm Exhibited";"L1";2015
"464";"Firearm Exhibited";"L1";2015
"465";"Firearm Exhibited";"L1";2015
"466";"Firearm Exhibited";"L1";2015
"467";"Firearm Exhibited";"L1";2015
"468";"Firearm Exhibited";"L1";2015
"469";"Firearm Exhibited";"L1";2015
"470";"Defense Tech / Take-down";"L2";2015
"471";"Firearm Exhibited";"L1";2015
"472";"Firearm Exhibited";"L1";2015
"473";"Firearm Exhibited";"L1";2015
"474";"Firearm Exhibited";"L1";2015
"475";"Firearm Exhibited";"L1";2015
"476";"Firearm Exhibited";"L1";2015
"477";"Firearm Exhibited";"L1";2015
"478";"Firearm Exhibited";"L1";2015
"479";"Taser Exhibited ";"L1";2015
"480";"Taser Exhibited ";"L1";2015
"481";"Firearm Exhibited";"L1";2015
"482";"Firearm Exhibited";"L1";2015
"483";"Firearm Exhibited";"L1";2015
"484";"Firearm Exhibited";"L1";2015
"485";"Canine (No Bite)";"L1";2015
"486";"Canine (No Bite)";"L1";2015
"487";"Firearm Exhibited";"L1";2015
"488";"Firearm Exhibited";"L1";2015
"489";"Firearm Exhibited";"L1";2015
"490";"Firearm Exhibited";"L1";2015
"491";"Firearm Exhibited";"L1";2015
"492";"Canine (No Bite)";"L1";2015
"493";"Canine (No Bite)";"L1";2015
"494";"Firearm Exhibited";"L1";2015
"495";"Firearm Exhibited";"L1";2015
"496";"Firearm Exhibited";"L1";2015
"497";"Defense Tech / Take-down";"L2";2015
"498";"Defense Tech / Take-down";"L2";2015
"499";"Baton Miss";"L2";2015
"500";"Hands / Escort tech";"L1";2015
"501";"Hands / Escort tech";"L1";2015
"502";"Hands / Escort tech";"L1";2015
"503";"Hands / Escort tech";"L1";2015
"504";"Firearm Exhibited";"L1";2015
"505";"Firearm Exhibited";"L1";2015
"506";"Firearm Exhibited";"L1";2015
"507";"Firearm Exhibited";"L1";2015
"508";"Firearm Exhibited";"L1";2015
"509";"Firearm Exhibited";"L1";2015
"510";"Firearm Exhibited";"L1";2015
"511";"Firearm Exhibited";"L1";2015
"512";"Firearm Exhibited";"L1";2015
"513";"Firearm Exhibited";"L1";2015
"514";"Firearm Exhibited";"L1";2015
"515";"Firearm Exhibited";"L1";2015
"516";"Firearm Exhibited";"L1";2015
"517";"Firearm Exhibited";"L1";2015
"518";"Canine (No Bite)";"L1";2015
"519";"Canine (No Bite)";"L1";2015
"520";"Canine (No Bite)";"L1";2015
"521";"Canine (No Bite)";"L1";2015
"522";"Canine (No Bite)";"L1";2015
"523";"Canine (No Bite)";"L1";2015
"524";"Canine (No Bite)";"L1";2015
"525";"Canine (No Bite)";"L1";2015
"526";"Firearm Exhibited";"L1";2015
"527";"Firearm Exhibited";"L1";2015
"528";"Defense Tech / Take-down";"L2";2015
"529";"Hands / Escort tech";"L1";2015
"530";"Firearm Exhibited";"L1";2015
"531";"Taser Exhibited ";"L1";2015
"532";"Defense Tech / Take-down";"L2";2015
"533";"Taser Exhibited ";"L1";2015
"534";"Firearm Exhibited";"L1";2015
"535";"Firearm Exhibited";"L1";2015
"536";"Firearm Exhibited";"L1";2015
"537";"Firearm Exhibited";"L1";2015
"538";"Defense Tech / Take-down";"L2";2015
"539";"Hands / Escort tech";"L1";2015
"540";"Defense Tech / Take-down";"L2";2015
"541";"Taser Exhibited ";"L1";2015
"542";"Firearm Exhibited";"L1";2015
"543";"Firearm Exhibited";"L1";2015
"544";"Defense Tech / Take-down";"L2";2015
"545";"L2-Taser";"L2";2015
"546";"Firearm Exhibited";"L1";2015
"547";"Firearm Exhibited";"L1";2015
"548";"Hands / Escort tech";"L1";2015
"549";"Hands / Escort tech";"L1";2015
"550";"Hands / Escort tech";"L1";2015
"551";"Taser Exhibited ";"L1";2015
"552";"Taser Exhibited ";"L1";2015
"553";"Firearm Exhibited";"L1";2015
"554";"Firearm Exhibited";"L1";2015
"555";"Taser Exhibited ";"L1";2015
"556";"Taser Exhibited ";"L1";2015
"557";"Firearm Exhibited";"L1";2015
"558";"Taser Exhibited ";"L1";2015
"559";"Firearm Discharged";"L4";2015
"560";"Taser Exhibited ";"L1";2015
"561";"Hands / Escort tech";"L1";2015
"562";"Hands / Escort tech";"L1";2015
"563";"Hands / Escort tech";"L1";2015
"564";"Taser Exhibited ";"L1";2015
"565";"Taser Exhibited ";"L1";2015
"566";"Taser Exhibited ";"L1";2015
"567";"Taser Exhibited ";"L1";2015
"568";"Firearm Exhibited";"L1";2015
"569";"Firearm Exhibited";"L1";2015
"570";"Hands / Escort tech";"L1";2015
"571";"Hands / Escort tech";"L1";2015
"572";"Hands / Escort tech";"L1";2015
"573";"Hands / Escort tech";"L1";2015
"574";"Hands / Escort tech";"L1";2015
"575";"Hands / Escort tech";"L1";2015
"576";"Hands / Escort tech";"L1";2015
"577";"Hands / Escort tech";"L1";2015
"578";"Defense Tech / Take-down";"L2";2015
"579";"Firearm Exhibited";"L1";2015
"580";"Firearm Exhibited";"L1";2015
"581";"Firearm Exhibited";"L1";2015
"582";"Firearm Exhibited";"L1";2015
"583";"Firearm Exhibited";"L1";2015
"584";"Firearm Exhibited";"L1";2015
"585";"Firearm Exhibited";"L1";2015
"586";"Firearm Exhibited";"L1";2015
"587";"Taser Exhibited ";"L1";2015
"588";"Taser Exhibited ";"L1";2015
"589";"Hands / Escort tech";"L1";2015
"590";"Hands / Escort tech";"L1";2015
"591";"Firearm Exhibited";"L1";2015
"592";"Firearm Exhibited";"L1";2015
"593";"Taser Exhibited ";"L1";2015
"594";"Taser Exhibited ";"L1";2015
"595";"Taser Exhibited ";"L1";2015
"596";"Taser Exhibited ";"L1";2015
"597";"Firearm Exhibited";"L1";2015
"598";"Firearm Exhibited";"L1";2015
"599";"Canine (No Bite)";"L1";2015
"600";"Firearm Exhibited";"L1";2015
"601";"Firearm Exhibited";"L1";2015
"602";"Firearm Exhibited";"L1";2015
"603";"Firearm Exhibited";"L1";2015
"604";"Hands / Escort tech";"L1";2015
"605";"Hands / Escort tech";"L1";2015
"606";"Hands / Escort tech";"L1";2015
"607";"Hands / Escort tech";"L1";2015
"608";"Taser Exhibited ";"L1";2015
"609";"Taser Exhibited ";"L1";2015
"610";"Defense Tech / Take-down";"L2";2015
"611";"Hands / Escort tech";"L1";2015
"612";"Hands / Escort tech";"L1";2015
"613";"Hands / Escort tech";"L1";2015
"614";"Hands / Escort tech";"L1";2015
"615";"Hands / Escort tech";"L1";2015
"616";"Hands / Escort tech";"L1";2015
"617";"Hands / Escort tech";"L1";2015
"618";"Firearm Exhibited";"L1";2015
"619";"Firearm Exhibited";"L1";2015
"620";"Firearm Exhibited";"L1";2015
"621";"Hands / Escort tech";"L1";2015
"622";"Firearm Exhibited";"L1";2015
"623";"Hands / Escort tech";"L1";2015
"624";"Firearm Exhibited";"L1";2015
"625";"Firearm Exhibited";"L1";2015
"626";"Firearm Exhibited";"L1";2015
"627";"Firearm Exhibited";"L1";2015
"628";"Firearm Exhibited";"L1";2015
"629";"Firearm Exhibited";"L1";2015
"630";"Firearm Exhibited";"L1";2015
"631";"Hands / Escort tech";"L1";2015
"632";"Defense Tech / Take-down";"L2";2015
"633";"L2-Taser";"L2";2015
"634";"Hands / Escort tech";"L1";2015
"635";"Taser Exhibited ";"L1";2015
"636";"L2-Taser";"L2";2015
"637";"Hands / Escort tech";"L1";2015
"638";"L2-Taser";"L2";2015
"639";"Hands / Escort tech";"L1";2015
"640";"Firearm Exhibited";"L1";2015
"641";"Firearm Exhibited";"L1";2015
"642";"Hands / Escort tech";"L1";2015
"643";"Hands / Escort tech";"L1";2015
"644";"Hands / Escort tech";"L1";2015
"645";"Taser Exhibited ";"L1";2015
"646";"Firearm Exhibited";"L1";2015
"647";"Firearm Exhibited";"L1";2015
"648";"Canine (Bite)";"L4";2015
"649";"Firearm Exhibited";"L1";2015
"650";"Firearm Exhibited";"L1";2015
"651";"Firearm Exhibited";"L1";2015
"652";"Firearm Exhibited";"L1";2015
"653";"Firearm Exhibited";"L1";2015
"654";"Defense Tech / Take-down";"L2";2015
"655";"Hands / Escort tech";"L1";2015
"656";"Firearm Exhibited";"L1";2015
"657";"Hands / Escort tech";"L1";2015
"658";"Hands / Escort tech";"L1";2015
"659";"Hands / Escort tech";"L1";2015
"660";"Hands / Escort tech";"L1";2015
"661";"Hands / Escort tech";"L1";2015
"662";"Hands / Escort tech";"L1";2015
"663";"Hands / Escort tech";"L1";2015
"664";"Hands / Escort tech";"L1";2015
"665";"Hands / Escort tech";"L1";2015
"666";"Hands / Escort tech";"L1";2015
"667";"Taser Exhibited ";"L1";2015
"668";"Firearm Exhibited";"L1";2015
"669";"Hands / Escort tech";"L1";2015
"670";"Firearm Exhibited";"L1";2015
"671";"Firearm Exhibited";"L1";2015
"672";"Firearm Exhibited";"L1";2015
"673";"Defense Tech / Take-down";"L2";2015
"674";"Defense Tech / Take-down";"L2";2015
"675";"Firearm Exhibited";"L1";2015
"676";"Firearm Exhibited";"L1";2015
"677";"Firearm Exhibited";"L1";2015
"678";"Hands / Escort tech";"L1";2015
"679";"Hands / Escort tech";"L1";2015
"680";"Hands / Escort tech";"L1";2015
"681";"Hands / Escort tech";"L1";2015
"682";"Hands / Escort tech";"L1";2015
"683";"Hands / Escort tech";"L1";2015
"684";"Hands / Escort tech";"L1";2015
"685";"Hands / Escort tech";"L1";2015
"686";"Hands / Escort tech";"L1";2015
"687";"Hands / Escort tech";"L1";2015
"688";"Firearm Exhibited";"L1";2015
"689";"Firearm Exhibited";"L1";2015
"690";"Firearm Exhibited";"L1";2015
"691";"Firearm Exhibited";"L1";2015
"692";"Hands / Escort tech";"L1";2015
"693";"Hands / Escort tech";"L1";2015
"694";"Hands / Escort tech";"L1";2015
"695";"Hands / Escort tech";"L1";2015
"696";"Defense Tech / Take-down";"L2";2015
"697";"Hands / Escort tech";"L1";2015
"698";"Hands / Escort tech";"L1";2015
"699";"Hands / Escort tech";"L1";2015
"700";"Firearm Exhibited";"L1";2015
"701";"Firearm Exhibited";"L1";2015
"702";"Firearm Exhibited";"L1";2015
"703";"Hands / Escort tech";"L1";2015
"704";"Hands / Escort tech";"L1";2015
"705";"Firearm Exhibited";"L1";2015
"706";"Defense Tech / Take-down";"L2";2015
"707";"Firearm Exhibited";"L1";2015
"708";"Firearm Exhibited";"L1";2015
"709";"Firearm Exhibited";"L1";2015
"710";"Defense Tech / Take-down";"L2";2015
"711";"Firearm Exhibited";"L1";2015
"712";"Firearm Exhibited";"L1";2015
"713";"Hands / Escort tech";"L1";2015
"714";"Taser Exhibited ";"L1";2015
"715";"Hands / Escort tech";"L1";2015
"716";"Hands / Escort tech";"L1";2015
"717";"Hands / Escort tech";"L1";2015
"718";"Taser Exhibited ";"L1";2015
"719";"Firearm Exhibited";"L1";2015
"720";"Canine (Bite)";"L4";2015
"721";"Taser Exhibited ";"L1";2015
"722";"Firearm Exhibited";"L1";2015
"723";"Firearm Exhibited";"L1";2015
"724";"Hands / Escort tech";"L1";2015
"725";"Defense Tech / Take-down";"L2";2015
"726";"Firearm Exhibited";"L1";2015
"727";"Firearm Exhibited";"L1";2015
"728";"Firearm Exhibited";"L1";2015
"729";"Firearm Exhibited";"L1";2015
"730";"Taser Exhibited ";"L1";2015
"731";"Firearm Exhibited";"L1";2015
"732";"Hands / Escort tech";"L1";2015
"733";"Hands / Escort tech";"L1";2015
"734";"Hands / Escort tech";"L1";2015
"735";"Hands / Escort tech";"L1";2015
"736";"Hands / Escort tech";"L1";2015
"737";"Defense Tech / Take-down";"L2";2015
"738";"Defense Tech / Take-down";"L2";2015
"739";"Defense Tech / Take-down";"L2";2015
"740";"Defense Tech / Take-down";"L2";2015
"741";"Hands / Escort tech";"L1";2015
"742";"Hands / Escort tech";"L1";2015
"743";"Hands / Escort tech";"L1";2015
"744";"Hands / Escort tech";"L1";2015
"745";"Baton Miss";"L2";2015
"746";"Hands / Escort tech";"L1";2015
"747";"L2-Taser";"L2";2015
"748";"L2-Taser";"L2";2015
"749";"Hands / Escort tech";"L1";2015
"750";"Hands / Escort tech";"L1";2015
"751";"Defense Tech / Take-down";"L2";2015
"752";"Hands / Escort tech";"L1";2015
"753";"Hands / Escort tech";"L1";2015
"754";"Firearm Exhibited";"L1";2015
"755";"Hands / Escort tech";"L1";2015
"756";"Hands / Escort tech";"L1";2015
"757";"Firearm Exhibited";"L1";2015
"758";"Defense Tech / Take-down";"L2";2015
"759";"Defense Tech / Take-down";"L2";2015
"760";"Defense Tech / Take-down";"L2";2015
"761";"Firearm Exhibited";"L1";2015
"762";"Firearm Exhibited";"L1";2015
"763";"Firearm Exhibited";"L1";2015
"764";"Firearm Exhibited";"L1";2015
"765";"Firearm Exhibited";"L1";2015
"766";"Firearm Exhibited";"L1";2015
"767";"Firearm Exhibited";"L1";2015
"768";"Firearm Exhibited";"L1";2015
"769";"Firearm Exhibited";"L1";2015
"770";"Firearm Exhibited";"L1";2015
"771";"Firearm Exhibited";"L1";2015
"772";"Firearm Exhibited";"L1";2015
"773";"Defense Tech / Take-down";"L2";2015
"774";"Defense Tech / Take-down";"L2";2015
"775";"Defense Tech / Take-down";"L2";2015
"776";"Defense Tech / Take-down";"L2";2015
"777";"Defense Tech / Take-down";"L2";2015
"778";"Firearm Exhibited";"L1";2015
"779";"Firearm Exhibited";"L1";2015
"780";"Hands / Escort tech";"L1";2015
"781";"Hands / Escort tech";"L1";2015
"782";"Hands / Escort tech";"L1";2015
"783";"Defense Tech / Take-down";"L2";2015
"784";"Firearm Exhibited";"L1";2015
"785";"Hands / Escort tech";"L1";2015
"786";"Hands / Escort tech";"L1";2015
"787";"Hands / Escort tech";"L1";2015
"788";"Firearm Exhibited";"L1";2015
"789";"Firearm Exhibited";"L1";2015
"790";"Firearm Exhibited";"L1";2015
"791";"Firearm Exhibited";"L1";2015
"792";"Firearm Exhibited";"L1";2015
"793";"Firearm Exhibited";"L1";2015
"794";"Firearm Exhibited";"L1";2015
"795";"Firearm Exhibited";"L1";2015
"796";"Firearm Exhibited";"L1";2015
"797";"Hands / Escort tech";"L1";2015
"798";"Hands / Escort tech";"L1";2015
"799";"Firearm Exhibited";"L1";2015
"800";"Firearm Exhibited";"L1";2015
"801";"Defense Tech / Take-down";"L2";2015
"802";"Hands / Escort tech";"L1";2015
"803";"Hands / Escort tech";"L1";2015
"804";"Taser Exhibited ";"L1";2015
"805";"Firearm Exhibited";"L1";2015
"806";"Firearm Exhibited";"L1";2015
"807";"Firearm Exhibited";"L1";2015
"808";"Firearm Exhibited";"L1";2015
"809";"Taser Exhibited ";"L1";2015
"810";"Firearm Exhibited";"L1";2015
"811";"L2-Taser";"L2";2015
"812";"Firearm Exhibited";"L1";2015
"813";"L2-Taser";"L2";2015
"814";"Firearm Exhibited";"L1";2015
"815";"L2-Taser";"L2";2015
"816";"Firearm Exhibited";"L1";2015
"817";"Firearm Exhibited";"L1";2015
"818";"Hands / Escort tech";"L1";2015
"819";"Hands / Escort tech";"L1";2015
"820";"Firearm Exhibited";"L1";2015
"821";"Defense Tech / Take-down";"L2";2015
"822";"Hands / Escort tech";"L1";2015
"823";"Firearm Discharged";"L4";2015
"824";"Hands / Escort tech";"L1";2015
"825";"Hands / Escort tech";"L1";2015
"826";"Firearm Exhibited";"L1";2015
"827";"Firearm Exhibited";"L1";2015
"828";"Firearm Exhibited";"L1";2015
"829";"Firearm Exhibited";"L1";2015
"830";"Firearm Exhibited";"L1";2015
"831";"Firearm Exhibited";"L1";2015
"832";"Firearm Exhibited";"L1";2015
"833";"Firearm Exhibited";"L1";2015
"834";"Hands / Escort tech";"L1";2015
"835";"Firearm Exhibited";"L1";2015
"836";"Firearm Exhibited";"L1";2015
"837";"Firearm Exhibited";"L1";2015
"838";"Firearm Exhibited";"L1";2015
"839";"Hands / Escort tech";"L1";2015
"840";"Hands / Escort tech";"L1";2015
"841";"Hands / Escort tech";"L1";2015
"842";"Firearm Exhibited";"L1";2015
"843";"Hands / Escort tech";"L1";2015
"844";"Firearm Exhibited";"L1";2015
"845";"Firearm Exhibited";"L1";2015
"846";"Firearm Exhibited";"L1";2015
"847";"Firearm Exhibited";"L1";2015
"848";"Firearm Exhibited";"L1";2015
"849";"Firearm Exhibited";"L1";2015
"850";"Taser Exhibited ";"L1";2015
"851";"Firearm Exhibited";"L1";2015
"852";"";"";2015
"853";"Firearm Exhibited";"L1";2015
"854";"Taser Exhibited ";"L1";2015
"855";"Canine (No Bite)";"L1";2015
"856";"Firearm Discharged";"L4";2015
"857";"Defense Tech / Take-down";"L2";2015
"858";"Hands / Escort tech";"L1";2015
"859";"Taser Exhibited ";"L1";2015
"860";"Taser Exhibited ";"L1";2015
"861";"Canine (Bite)";"L4";2015
"862";"Canine (Bite)";"L4";2015
"863";"Hands / Escort tech";"L1";2015
"864";"Defense Tech / Take-down";"L2";2015
"865";"Defense Tech / Take-down";"L2";2015
"866";"Hands / Escort tech";"L1";2015
"867";"Defense Tech / Take-down";"L2";2015
"868";"Defense Tech / Take-down";"L2";2015
"869";"Hands / Escort tech";"L1";2015
"870";"Hands / Escort tech";"L1";2015
"871";"Taser Exhibited ";"L1";2015
"872";"Defense Tech / Take-down";"L2";2015
"873";"Firearm Exhibited";"L1";2015
"874";"Firearm Exhibited";"L1";2015
"875";"Firearm Exhibited";"L1";2015
"876";"Firearm Exhibited";"L1";2015
"877";"Firearm Exhibited";"L1";2015
"878";"Defense Tech / Take-down";"L2";2015
"879";"Taser Exhibited ";"L1";2015
"880";"Firearm Exhibited";"L1";2015
"881";"Firearm Exhibited";"L1";2015
"882";"Firearm Exhibited";"L1";2015
"883";"Firearm Exhibited";"L1";2015
"884";"Firearm Exhibited";"L1";2015
"885";"Firearm Exhibited";"L1";2015
"886";"Firearm Exhibited";"L1";2015
"887";"Firearm Exhibited";"L1";2015
"888";"Firearm Exhibited";"L1";2015
"889";"Firearm Exhibited";"L1";2015
"890";"Firearm Exhibited";"L1";2015
"891";"Firearm Exhibited";"L1";2015
"892";"Firearm Discharged";"L4";2015
"893";"Firearm Discharged";"L4";2015
"894";"Firearm Exhibited";"L1";2015
"895";"L2-Taser";"L2";2015
"896";"Hands / Escort tech";"L1";2015
"897";"Firearm Exhibited";"L1";2015
"898";"Firearm Exhibited";"L1";2015
"899";"Hands / Escort tech";"L1";2015
"900";"L2-Taser";"L2";2015
"901";"Hands / Escort tech";"L1";2015
"902";"Hands / Escort tech";"L1";2015
"903";"Defense Tech / Take-down";"L2";2015
"904";"Firearm Exhibited";"L1";2015
"905";"Firearm Exhibited";"L1";2015
"906";"Defense Tech / Take-down";"L2";2015
"907";"Firearm Exhibited";"L1";2015
"908";"Firearm Exhibited";"L1";2015
"909";"Firearm Exhibited";"L1";2015
"910";"Firearm Exhibited";"L1";2015
"911";"Firearm Exhibited";"L1";2015
"912";"Firearm Exhibited";"L1";2015
"913";"Firearm Exhibited";"L1";2015
"914";"Firearm Exhibited";"L1";2015
"915";"Firearm Exhibited";"L1";2015
"916";"Firearm Exhibited";"L1";2015
"917";"Firearm Exhibited";"L1";2015
"918";"Firearm Exhibited";"L1";2015
"919";"Firearm Exhibited";"L1";2015
"920";"Firearm Exhibited";"L1";2015
"921";"Firearm Exhibited";"L1";2015
"922";"Hands / Escort tech";"L1";2015
"923";"Hands / Escort tech";"L1";2015
"924";"Hands / Escort tech";"L1";2015
"925";"Hands / Escort tech";"L1";2015
"926";"Hands / Escort tech";"L1";2015
"927";"Hands / Escort tech";"L1";2015
"928";"Firearm Exhibited";"L1";2015
"929";"Taser Exhibited ";"L1";2015
"930";"Firearm Exhibited";"L1";2015
"931";"Hands / Escort tech";"L1";2015
"932";"Hands / Escort tech";"L1";2015
"933";"Hands / Escort tech";"L1";2015
"934";"Hands / Escort tech";"L1";2015
"935";"Hands / Escort tech";"L1";2015
"936";"Firearm Exhibited";"L1";2015
"937";"Firearm Exhibited";"L1";2015
"938";"Head Strike (No Wep)";"L3";2015
"939";"Head Strike (No Wep)";"L3";2015
"940";"L2-Taser";"L2";2015
"941";"L2-Taser";"L2";2015
"942";"L2-Taser";"L2";2015
"943";"L2-Taser";"L2";2015
"944";"L2-Taser";"L2";2015
"945";"Taser Exhibited ";"L1";2015
"946";"Hands / Escort tech";"L1";2015
"947";"Firearm Exhibited";"L1";2015
"948";"Firearm Exhibited";"L1";2015
"949";"Firearm Exhibited";"L1";2015
"950";"Firearm Exhibited";"L1";2015
"951";"Firearm Exhibited";"L1";2015
"952";"Firearm Exhibited";"L1";2015
"953";"Firearm Exhibited";"L1";2015
"954";"Firearm Exhibited";"L1";2015
"955";"Defense Tech / Take-down";"L2";2015
"956";"Hands / Escort tech";"L1";2015
"957";"Hands / Escort tech";"L1";2015
"958";"Hands / Escort tech";"L1";2015
"959";"Hands / Escort tech";"L1";2015
"960";"Hands / Escort tech";"L1";2015
"961";"Hands / Escort tech";"L1";2015
"962";"L2-Taser";"L2";2015
"963";"L2-Taser";"L2";2015
"964";"Defense Tech / Take-down";"L2";2015
"965";"Defense Tech / Take-down";"L2";2015
"966";"Firearm Exhibited";"L1";2015
"967";"Firearm Exhibited";"L1";2015
"968";"L2-Taser";"L2";2015
"969";"L2-Taser";"L2";2015
"970";"Firearm Exhibited";"L1";2015
"971";"Firearm Exhibited";"L1";2015
"972";"Taser Exhibited ";"L1";2015
"973";"Hands / Escort tech";"L1";2015
"974";"Defense Tech / Take-down";"L2";2015
"975";"Defense Tech / Take-down";"L2";2015
"976";"Hands / Escort tech";"L1";2015
"977";"Firearm Exhibited";"L1";2015
"978";"Firearm Exhibited";"L1";2015
"979";"Hands / Escort tech";"L1";2015
"980";"Hands / Escort tech";"L1";2015
"981";"Hands / Escort tech";"L1";2015
"982";"Firearm Exhibited";"L1";2015
"983";"Hands / Escort tech";"L1";2015
"984";"Hands / Escort tech";"L1";2015
"985";"Hands / Escort tech";"L1";2015
"986";"Hands / Escort tech";"L1";2015
"987";"Hands / Escort tech";"L1";2015
"988";"Hands / Escort tech";"L1";2015
"989";"Hands / Escort tech";"L1";2015
"990";"Hands / Escort tech";"L1";2015
"991";"Hands / Escort tech";"L1";2015
"992";"Firearm Exhibited";"L1";2015
"993";"Firearm Exhibited";"L1";2015
"994";"Firearm Exhibited";"L1";2015
"995";"Firearm Exhibited";"L1";2015
"996";"Not reported";"NULL";2015
"997";"Firearm Exhibited";"L1";2015
"998";"Firearm Exhibited";"L1";2015
"999";"Firearm Exhibited";"L1";2015
"1000";"Firearm Exhibited";"L1";2015
"1001";"Firearm Exhibited";"L1";2015
"1002";"Firearm Exhibited";"L1";2015
"1003";"Firearm Exhibited";"L1";2015
"1004";"Taser Exhibited ";"L1";2015
"1005";"Hands / Escort tech";"L1";2015
"1006";"Hands / Escort tech";"L1";2015
"1007";"Firearm Exhibited";"L1";2015
"1008";"Firearm Exhibited";"L1";2015
"1009";"Firearm Exhibited";"L1";2015
"1010";"Firearm Exhibited";"L1";2015
"1011";"Defense Tech / Take-down";"L2";2015
"1012";"Defense Tech / Take-down";"L2";2015
"1013";"Defense Tech / Take-down";"L2";2015
"1014";"Hands / Escort tech";"L1";2015
"1015";"Hands / Escort tech";"L1";2015
"1016";"Defense Tech / Take-down";"L2";2015
"1017";"Defense Tech / Take-down";"L2";2015
"1018";"Hands / Escort tech";"L1";2015
"1019";"Firearm Exhibited";"L1";2015
"1020";"Firearm Exhibited";"L1";2015
"1021";"Canine (No Bite)";"L1";2015
"1022";"Hands / Escort tech";"L1";2015
"1023";"Defense Tech / Take-down";"L2";2015
"1024";"Hands / Escort tech";"L1";2015
"1025";"Defense Tech / Take-down";"L2";2015
"1026";"L2-Taser";"L2";2015
"1027";"Firearm Exhibited";"L1";2015
"1028";"Firearm Exhibited";"L1";2015
"1029";"Hands / Escort tech";"L1";2015
"1030";"Hands / Escort tech";"L1";2015
"1031";"Hands / Escort tech";"L1";2015
"1032";"Hands / Escort tech";"L1";2015
"1033";"Hands / Escort tech";"L1";2015
"1034";"Hands / Escort tech";"L1";2015
"1035";"Hands / Escort tech";"L1";2015
"1036";"Hands / Escort tech";"L1";2015
"1037";"Hands / Escort tech";"L1";2015
"1038";"Not reported";"NULL";2015
"1039";"Defense Tech / Take-down";"L2";2015
"1040";"Defense Tech / Take-down";"L2";2015
"1041";"Hands / Escort tech";"L1";2015
"1042";"Hands / Escort tech";"L1";2015
"1043";"Hands / Escort tech";"L1";2015
"1044";"Hands / Escort tech";"L1";2015
"1045";"Defense Tech / Take-down";"L2";2015
"1046";"Firearm Exhibited";"L1";2015
"1047";"Taser Exhibited ";"L1";2015
"1048";"Firearm Exhibited";"L1";2015
"1049";"Taser Exhibited ";"L1";2015
"1050";"Firearm Exhibited";"L1";2015
"1051";"Firearm Exhibited";"L1";2015
"1052";"Firearm Exhibited";"L1";2015
"1053";"Firearm Exhibited";"L1";2015
"1054";"Hands / Escort tech";"L1";2015
"1055";"Hands / Escort tech";"L1";2015
"1056";"Not reported";"NULL";2015
"1057";"Hands / Escort tech";"L1";2015
"1058";"Hands / Escort tech";"L1";2015
"1059";"Firearm Exhibited";"L1";2015
"1060";"Taser Exhibited ";"L1";2015
"1061";"Firearm Exhibited";"L1";2015
"1062";"Firearm Exhibited";"L1";2015
"1063";"Hands / Escort tech";"L1";2015
"1064";"Hands / Escort tech";"L1";2015
"1065";"Firearm Exhibited";"L1";2015
"1066";"Firearm Exhibited";"L1";2015
"1067";"Hands / Escort tech";"L1";2015
"1068";"Hands / Escort tech";"L1";2015
"1069";"Taser Exhibited ";"L1";2015
"1070";"Hands / Escort tech";"L1";2015
"1071";"Taser Exhibited ";"L1";2015
"1072";"Firearm Exhibited";"L1";2015
"1073";"Firearm Exhibited";"L1";2015
"1074";"Firearm Exhibited";"L1";2015
"1075";"Firearm Exhibited";"L1";2015
"1076";"Firearm Exhibited";"L1";2015
"1077";"Firearm Exhibited";"L1";2015
"1078";"Firearm Exhibited";"L1";2015
"1079";"Firearm Exhibited";"L1";2015
"1080";"Firearm Exhibited";"L1";2015
"1081";"Firearm Exhibited";"L1";2015
"1082";"Firearm Exhibited";"L1";2015
"1083";"Firearm Exhibited";"L1";2015
"1084";"Taser Exhibited ";"L1";2015
"1085";"Defense Tech / Take-down";"L2";2015
"1086";"Hands / Escort tech";"L1";2015
"1087";"Hands / Escort tech";"L1";2015
"1088";"Defense Tech / Take-down";"L2";2015
"1089";"Hands / Escort tech";"L1";2015
"1090";"Firearm Exhibited";"L1";2015
"1091";"Defense Tech / Take-down";"L2";2015
"1092";"L2-Other";"L2";2015
"1093";"Firearm Exhibited";"L1";2015
"1094";"Firearm Exhibited";"L1";2015
"1095";"Firearm Exhibited";"L1";2015
"1096";"Firearm Exhibited";"L1";2015
"1097";"Firearm Exhibited";"L1";2015
"1098";"Firearm Exhibited";"L1";2015
"1099";"Firearm Exhibited";"L1";2015
"1100";"Firearm Exhibited";"L1";2015
"1101";"Firearm Exhibited";"L1";2015
"1102";"Firearm Exhibited";"L1";2015
"1103";"Defense Tech / Take-down";"L2";2015
"1104";"Hands / Escort tech";"L1";2015
"1105";"Hands / Escort tech";"L1";2015
"1106";"Defense Tech / Take-down";"L2";2015
"1107";"Defense Tech / Take-down";"L2";2015
"1108";"Defense Tech / Take-down";"L2";2015
"1109";"Firearm Exhibited";"L1";2015
"1110";"Firearm Exhibited";"L1";2015
"1111";"Firearm Exhibited";"L1";2015
"1112";"Firearm Exhibited";"L1";2015
"1113";"Canine (No Bite)";"L1";2015
"1114";"Firearm Exhibited";"L1";2015
"1115";"Hands / Escort tech";"L1";2015
"1116";"Hands / Escort tech";"L1";2015
"1117";"Taser Exhibited ";"L1";2015
"1118";"Taser Exhibited ";"L1";2015
"1119";"L2-Taser";"L2";2015
"1120";"L2-Taser";"L2";2015
"1121";"Hands / Escort tech";"L1";2015
"1122";"Hands / Escort tech";"L1";2015
"1123";"Hands / Escort tech";"L1";2015
"1124";"Firearm Exhibited";"L1";2015
"1125";"Firearm Exhibited";"L1";2015
"1126";"Firearm Exhibited";"L1";2015
"1127";"Firearm Exhibited";"L1";2015
"1128";"Firearm Exhibited";"L1";2015
"1129";"Firearm Exhibited";"L1";2015
"1130";"Hands / Escort tech";"L1";2015
"1131";"Hands / Escort tech";"L1";2015
"1132";"Hands / Escort tech";"L1";2015
"1133";"Hands / Escort tech";"L1";2015
"1134";"Not reported";"NULL";2015
"1135";"Taser Exhibited ";"L1";2015
"1136";"Firearm Exhibited";"L1";2015
"1137";"Hands / Escort tech";"L1";2015
"1138";"Hands / Escort tech";"L1";2015
"1139";"Defense Tech / Take-down";"L2";2015
"1140";"L2-Taser";"L2";2015
"1141";"Hands / Escort tech";"L1";2015
"1142";"Hands / Escort tech";"L1";2015
"1143";"Firearm Exhibited";"L1";2015
"1144";"Firearm Exhibited";"L1";2015
"1145";"Firearm Exhibited";"L1";2015
"1146";"Firearm Exhibited";"L1";2015
"1147";"Hands / Escort tech";"L1";2015
"1148";"Hands / Escort tech";"L1";2015
"1149";"Hands / Escort tech";"L1";2015
"1150";"Hands / Escort tech";"L1";2015
"1151";"Firearm Exhibited";"L1";2015
"1152";"Taser Exhibited ";"L1";2015
"1153";"Hands / Escort tech";"L1";2015
"1154";"Hands / Escort tech";"L1";2015
"1155";"Hands / Escort tech";"L1";2015
"1156";"Taser Exhibited ";"L1";2015
"1157";"Hands / Escort tech";"L1";2015
"1158";"Firearm Exhibited";"L1";2015
"1159";"Hands / Escort tech";"L1";2015
"1160";"L2-Taser";"L2";2015
"1161";"Hands / Escort tech";"L1";2015
"1162";"Hands / Escort tech";"L1";2015
"1163";"Hands / Escort tech";"L1";2015
"1164";"Hands / Escort tech";"L1";2015
"1165";"Hands / Escort tech";"L1";2015
"1166";"Firearm Exhibited";"L1";2015
"1167";"Firearm Exhibited";"L1";2015
"1168";"Hands / Escort tech";"L1";2015
"1169";"Hands / Escort tech";"L1";2015
"1170";"Firearm Exhibited";"L1";2015
"1171";"Firearm Exhibited";"L1";2015
"1172";"Defense Tech / Take-down";"L2";2015
"1173";"Hands / Escort tech";"L1";2015
"1174";"Hands / Escort tech";"L1";2015
"1175";"L2-Taser";"L2";2015
"1176";"L2-Taser";"L2";2015
"1177";"Firearm Exhibited";"L1";2015
"1178";"Firearm Exhibited";"L1";2015
"1179";"Firearm Exhibited";"L1";2015
"1180";"Firearm Exhibited";"L1";2015
"1181";"Firearm Exhibited";"L1";2015
"1182";"Firearm Exhibited";"L1";2015
"1183";"Firearm Exhibited";"L1";2015
"1184";"Firearm Exhibited";"L1";2015
"1185";"Hands / Escort tech";"L1";2015
"1186";"Hands / Escort tech";"L1";2015
"1187";"Firearm Exhibited";"L1";2015
"1188";"Firearm Exhibited";"L1";2015
"1189";"Firearm Exhibited";"L1";2015
"1190";"Firearm Exhibited";"L1";2015
"1191";"Not reported";"NULL";2015
"1192";"Taser Exhibited ";"L1";2015
"1193";"Defense Tech / Take-down";"L2";2015
"1194";"Defense Tech / Take-down";"L2";2015
"1195";"Firearm Exhibited";"L1";2015
"1196";"Firearm Exhibited";"L1";2015
"1197";"Firearm Exhibited";"L1";2015
"1198";"Firearm Exhibited";"L1";2015
"1199";"Firearm Exhibited";"L1";2015
"1200";"Firearm Exhibited";"L1";2015
"1201";"Firearm Exhibited";"L1";2015
"1202";"Firearm Exhibited";"L1";2015
"1203";"Defense Tech / Take-down";"L2";2015
"1204";"Taser Exhibited ";"L1";2015
"1205";"Taser Exhibited ";"L1";2015
"1206";"Firearm Exhibited";"L1";2015
"1207";"Firearm Exhibited";"L1";2015
"1208";"Firearm Exhibited";"L1";2015
"1209";"Firearm Exhibited";"L1";2015
"1210";"Firearm Exhibited";"L1";2015
"1211";"Firearm Exhibited";"L1";2015
"1212";"Firearm Exhibited";"L1";2015
"1213";"Firearm Exhibited";"L1";2015
"1214";"Firearm Exhibited";"L1";2015
"1215";"Firearm Exhibited";"L1";2015
"1216";"Hands / Escort tech";"L1";2015
"1217";"Hands / Escort tech";"L1";2015
"1218";"Defense Tech / Take-down";"L2";2015
"1219";"Defense Tech / Take-down";"L2";2015
"1220";"Firearm Exhibited";"L1";2015
"1221";"Firearm Exhibited";"L1";2015
"1222";"Firearm Exhibited";"L1";2015
"1223";"Taser Exhibited ";"L1";2015
"1224";"Firearm Exhibited";"L1";2015
"1225";"Firearm Exhibited";"L1";2015
"1226";"Firearm Exhibited";"L1";2015
"1227";"Firearm Exhibited";"L1";2015
"1228";"Firearm Exhibited";"L1";2015
"1229";"Firearm Exhibited";"L1";2015
"1230";"Firearm Exhibited";"L1";2015
"1231";"Firearm Exhibited";"L1";2015
"1232";"Firearm Exhibited";"L1";2015
"1233";"Firearm Exhibited";"L1";2015
"1234";"Firearm Exhibited";"L1";2015
"1235";"L2-Taser";"L2";2015
"1236";"Hands / Escort tech";"L1";2015
"1237";"Hands / Escort tech";"L1";2015
"1238";"Hands / Escort tech";"L1";2015
"1239";"Defense Tech / Take-down";"L2";2015
"1240";"Defense Tech / Take-down";"L2";2015
"1241";"Firearm Exhibited";"L1";2015
"1242";"Firearm Exhibited";"L1";2015
"1243";"Canine (No Bite)";"L1";2015
"1244";"Hands / Escort tech";"L1";2015
"1245";"L2-Taser";"L2";2015
"1246";"Hands / Escort tech";"L1";2015
"1247";"Firearm Exhibited";"L1";2015
"1248";"Firearm Exhibited";"L1";2015
"1249";"Canine (No Bite)";"L1";2015
"1250";"Canine (No Bite)";"L1";2015
"1251";"Defense Tech / Take-down";"L2";2015
"1252";"Firearm Exhibited";"L1";2015
"1253";"Firearm Exhibited";"L1";2015
"1254";"Firearm Exhibited";"L1";2015
"1255";"Firearm Exhibited";"L1";2015
"1256";"Defense Tech / Take-down";"L2";2015
"1257";"Firearm Exhibited";"L1";2015
"1258";"Firearm Exhibited";"L1";2015
"1259";"Firearm Exhibited";"L1";2015
"1260";"Firearm Exhibited";"L1";2015
"1261";"Firearm Exhibited";"L1";2015
"1262";"Firearm Exhibited";"L1";2015
"1263";"Firearm Exhibited";"L1";2015
"1264";"Firearm Exhibited";"L1";2015
"1265";"Hands / Escort tech";"L1";2015
"1266";"Hands / Escort tech";"L1";2015
"1267";"Firearm Exhibited";"L1";2015
"1268";"Firearm Exhibited";"L1";2015
"1269";"Firearm Exhibited";"L1";2015
"1270";"Firearm Exhibited";"L1";2015
"1271";"Force on handcuffed individual";"L4";2015
"1272";"Hands / Escort tech";"L1";2015
"1273";"Hands / Escort tech";"L1";2015
"1274";"Hands / Escort tech";"L1";2015
"1275";"Hands / Escort tech";"L1";2015
"1276";"Hands / Escort tech";"L1";2015
"1277";"Hands / Escort tech";"L1";2015
"1278";"Hands / Escort tech";"L1";2015
"1279";"Hands / Escort tech";"L1";2015
"1280";"Firearm Exhibited";"L1";2015
"1281";"Firearm Exhibited";"L1";2015
"1282";"Firearm Exhibited";"L1";2015
"1283";"L2-Taser";"L2";2015
"1284";"Hands / Escort tech";"L1";2015
"1285";"Hands / Escort tech";"L1";2015
"1286";"Hands / Escort tech";"L1";2015
"1287";"Hands / Escort tech";"L1";2015
"1288";"Hands / Escort tech";"L1";2015
"1289";"Hands / Escort tech";"L1";2015
"1290";"Hands / Escort tech";"L1";2015
"1291";"Hands / Escort tech";"L1";2015
"1292";"Taser Exhibited ";"L1";2015
"1293";"Firearm Exhibited";"L1";2015
"1294";"Hands / Escort tech";"L1";2015
"1295";"Hands / Escort tech";"L1";2015
"1296";"Firearm Exhibited";"L1";2015
"1297";"Hands / Escort tech";"L1";2015
"1298";"Hands / Escort tech";"L1";2015
"1299";"Hands / Escort tech";"L1";2015
"1300";"Hands / Escort tech";"L1";2015
"1301";"Firearm Exhibited";"L1";2015
"1302";"Firearm Exhibited";"L1";2015
"1303";"Firearm Exhibited";"L1";2015
"1304";"Firearm Exhibited";"L1";2015
"1305";"Firearm Exhibited";"L1";2015
"1306";"Firearm Exhibited";"L1";2015
"1307";"Firearm Exhibited";"L1";2015
"1308";"Firearm Exhibited";"L1";2015
"1309";"Firearm Exhibited";"L1";2015
"1310";"Firearm Exhibited";"L1";2015
"1311";"Firearm Exhibited";"L1";2015
"1312";"Firearm Exhibited";"L1";2015
"1313";"Firearm Exhibited";"L1";2015
"1314";"Firearm Exhibited";"L1";2015
"1315";"Firearm Exhibited";"L1";2015
"1316";"L2-Taser";"L2";2015
"1317";"Not reported";"NULL";2015
"1318";"Defense Tech / Take-down";"L2";2015
"1319";"Hands / Escort tech";"L1";2015
"1320";"Hands / Escort tech";"L1";2015
"1321";"Firearm Exhibited";"L1";2015
"1322";"Taser Exhibited ";"L1";2015
"1323";"Defense Tech / Take-down";"L2";2015
"1324";"Firearm Exhibited";"L1";2015
"1325";"Firearm Exhibited";"L1";2015
"1326";"Firearm Exhibited";"L1";2015
"1327";"Firearm Exhibited";"L1";2015
"1328";"Firearm Exhibited";"L1";2015
"1329";"Firearm Exhibited";"L1";2015
"1330";"Firearm Exhibited";"L1";2015
"1331";"Firearm Exhibited";"L1";2015
"1332";"Firearm Exhibited";"L1";2015
"1333";"Firearm Exhibited";"L1";2015
"1334";"Hands / Escort tech";"L1";2015
"1335";"Hands / Escort tech";"L1";2015
"1336";"Hands / Escort tech";"L1";2015
"1337";"Hands / Escort tech";"L1";2015
"1338";"Hands / Escort tech";"L1";2015
"1339";"Defense Tech / Take-down";"L2";2015
"1340";"Defense Tech / Take-down";"L2";2015
"1341";"Firearm Discharged";"L4";2015
"1342";"Firearm Discharged";"L4";2015
"1343";"Firearm Discharged";"L4";2015
"1344";"Defense Tech / Take-down";"L2";2015
"1345";"Defense Tech / Take-down";"L2";2015
"1346";"Defense Tech / Take-down";"L2";2015
"1347";"Hands / Escort tech";"L1";2015
"1348";"Hands / Escort tech";"L1";2015
"1349";"Hands / Escort tech";"L1";2015
"1350";"Hands / Escort tech";"L1";2015
"1351";"L2-Taser";"L2";2015
"1352";"Firearm Exhibited";"L1";2015
"1353";"Firearm Exhibited";"L1";2015
"1354";"Firearm Exhibited";"L1";2015
"1355";"Firearm Exhibited";"L1";2015
"1356";"Firearm Exhibited";"L1";2015
"1357";"Firearm Exhibited";"L1";2015
"1358";"Firearm Exhibited";"L1";2015
"1359";"Firearm Exhibited";"L1";2015
"1360";"Hands / Escort tech";"L1";2015
"1361";"Defense Tech / Take-down";"L2";2015
"1362";"Hands / Escort tech";"L1";2015
"1363";"Firearm Exhibited";"L1";2015
"1364";"Hands / Escort tech";"L1";2015
"1365";"Firearm Discharged";"L4";2015
"1366";"Firearm Exhibited";"L1";2015
"1367";"L2-Taser";"L2";2015
"1368";"Hands / Escort tech";"L1";2015
"1369";"Hands / Escort tech";"L1";2015
"1370";"Firearm Exhibited";"L1";2015
"1371";"Defense Tech / Take-down";"L2";2015
"1372";"Firearm Exhibited";"L1";2015
"1373";"Defense Tech / Take-down";"L2";2015
"1374";"Hands / Escort tech";"L1";2015
"1375";"Firearm Exhibited";"L1";2015
"1376";"Firearm Exhibited";"L1";2015
"1377";"Firearm Exhibited";"L1";2015
"1378";"Taser Exhibited ";"L1";2015
"1379";"Firearm Exhibited";"L1";2015
"1380";"Firearm Exhibited";"L1";2015
"1381";"Firearm Exhibited";"L1";2015
"1382";"Firearm Exhibited";"L1";2015
"1383";"Firearm Exhibited";"L1";2015
"1384";"Firearm Exhibited";"L1";2015
"1385";"Firearm Exhibited";"L1";2015
"1386";"Firearm Exhibited";"L1";2015
"1387";"Firearm Exhibited";"L1";2015
"1388";"Firearm Exhibited";"L1";2015
"1389";"Firearm Exhibited";"L1";2015
"1390";"Firearm Exhibited";"L1";2015
"1391";"Firearm Exhibited";"L1";2015
"1392";"Firearm Exhibited";"L1";2015
"1393";"Defense Tech / Take-down";"L2";2015
"1394";"Firearm Exhibited";"L1";2015
"1395";"Firearm Exhibited";"L1";2015
"1396";"Defense Tech / Take-down";"L2";2015
"1397";"Defense Tech / Take-down";"L2";2015
"1398";"Hands / Escort tech";"L1";2015
"1399";"Hands / Escort tech";"L1";2015
"1400";"Hands / Escort tech";"L1";2015
"1401";"Taser Exhibited ";"L1";2015
"1402";"Hands / Escort tech";"L1";2015
"1403";"Firearm Exhibited";"L1";2015
"1404";"Defense Tech / Take-down";"L2";2015
"1405";"Defense Tech / Take-down";"L2";2015
"1406";"Defense Tech / Take-down";"L2";2015
"1407";"Defense Tech / Take-down";"L2";2015
"1408";"Taser Exhibited ";"L1";2015
"1409";"Taser Exhibited ";"L1";2015
"1410";"Hands / Escort tech";"L1";2015
"1411";"Hands / Escort tech";"L1";2015
"1412";"Taser Exhibited ";"L1";2015
"1413";"Firearm Exhibited";"L1";2015
"1414";"Firearm Exhibited";"L1";2015
"1415";"Firearm Exhibited";"L1";2015
"1416";"Firearm Exhibited";"L1";2015
"1417";"Firearm Exhibited";"L1";2015
"1418";"Firearm Exhibited";"L1";2015
"1419";"Firearm Exhibited";"L1";2015
"1420";"Firearm Exhibited";"L1";2015
"1421";"Firearm Exhibited";"L1";2015
"1422";"Firearm Exhibited";"L1";2015
"1423";"Firearm Exhibited";"L1";2015
"1424";"Firearm Exhibited";"L1";2015
"1425";"Firearm Exhibited";"L1";2015
"1426";"Firearm Exhibited";"L1";2015
"1427";"Defense Tech / Take-down";"L2";2015
"1428";"Hands / Escort tech";"L1";2015
"1429";"Hands / Escort tech";"L1";2015
"1430";"Hands / Escort tech";"L1";2015
"1431";"Hands / Escort tech";"L1";2015
"1432";"Hands / Escort tech";"L1";2015
"1433";"Hands / Escort tech";"L1";2015
"1434";"L2-Taser";"L2";2015
"1435";"Hands / Escort tech";"L1";2015
"1436";"Hands / Escort tech";"L1";2015
"1437";"Defense Tech / Take-down";"L2";2015
"1438";"Firearm Exhibited";"L1";2015
"1439";"Defense Tech / Take-down";"L2";2015
"1440";"Firearm Exhibited";"L1";2015
"1441";"Defense Tech / Take-down";"L2";2015
"1442";"Firearm Exhibited";"L1";2015
"1443";"Firearm Exhibited";"L1";2015
"1444";"Firearm Exhibited";"L1";2015
"1445";"Hands / Escort tech";"L1";2015
"1446";"Hands / Escort tech";"L1";2015
"1447";"Hands / Escort tech";"L1";2015
"1448";"Firearm Exhibited";"L1";2015
"1449";"Hands / Escort tech";"L1";2015
"1450";"Hands / Escort tech";"L1";2015
"1451";"Firearm Exhibited";"L1";2015
"1452";"Hands / Escort tech";"L1";2015
"1453";"Hands / Escort tech";"L1";2015
"1454";"Hands / Escort tech";"L1";2015
"1455";"Hands / Escort tech";"L1";2015
"1456";"Hands / Escort tech";"L1";2015
"1457";"Hands / Escort tech";"L1";2015
"1458";"Taser Exhibited ";"L1";2015
"1459";"Hands / Escort tech";"L1";2015
"1460";"Not reported";"NULL";2015
"1461";"Taser Exhibited ";"L1";2015
"1462";"Defense Tech / Take-down";"L2";2015
"1463";"Defense Tech / Take-down";"L2";2015
"1464";"L2-Taser";"L2";2015
"1465";"Hands / Escort tech";"L1";2015
"1466";"Hands / Escort tech";"L1";2015
"1467";"Hands / Escort tech";"L1";2015
"1468";"Hands / Escort tech";"L1";2015
"1469";"Hands / Escort tech";"L1";2015
"1470";"Firearm Exhibited";"L1";2015
"1471";"Firearm Exhibited";"L1";2015
"1472";"Firearm Exhibited";"L1";2015
"1473";"Firearm Exhibited";"L1";2015
"1474";"Firearm Exhibited";"L1";2015
"1475";"Firearm Exhibited";"L1";2015
"1476";"Firearm Exhibited";"L1";2015
"1477";"Defense Tech / Take-down";"L2";2015
"1478";"Hands / Escort tech";"L1";2015
"1479";"Hands / Escort tech";"L1";2015
"1480";"Hands / Escort tech";"L1";2015
"1481";"Firearm Exhibited";"L1";2015
"1482";"Firearm Exhibited";"L1";2015
"1483";"Firearm Exhibited";"L1";2015
"1484";"Firearm Exhibited";"L1";2015
"1485";"Firearm Exhibited";"L1";2015
"1486";"Hands / Escort tech";"L1";2015
"1487";"Firearm Exhibited";"L1";2015
"1488";"Hands / Escort tech";"L1";2015
"1489";"Firearm Exhibited";"L1";2015
"1490";"Hands / Escort tech";"L1";2015
"1491";"Firearm Exhibited";"L1";2015
"1492";"Hands / Escort tech";"L1";2015
"1493";"Firearm Exhibited";"L1";2015
"1494";"Hands / Escort tech";"L1";2015
"1495";"Hands / Escort tech";"L1";2015
"1496";"Hands / Escort tech";"L1";2015
"1497";"Defense Tech / Take-down";"L2";2015
"1498";"Defense Tech / Take-down";"L2";2015
"1499";"Defense Tech / Take-down";"L2";2015
"1500";"Taser Exhibited ";"L1";2015
"1501";"Firearm Exhibited";"L1";2015
"1502";"Hands / Escort tech";"L1";2015
"1503";"Hands / Escort tech";"L1";2015
"1504";"Hands / Escort tech";"L1";2015
"1505";"Hands / Escort tech";"L1";2015
"1506";"Defense Tech / Take-down";"L2";2015
"1507";"Hands / Escort tech";"L1";2015
"1508";"Defense Tech / Take-down";"L2";2015
"1509";"Hands / Escort tech";"L1";2015
"1510";"Hands / Escort tech";"L1";2015
"1511";"Firearm Exhibited";"L1";2015
"1512";"Defense Tech / Take-down";"L2";2015
"1513";"Defense Tech / Take-down";"L2";2015
"1514";"Defense Tech / Take-down";"L2";2015
"1515";"Defense Tech / Take-down";"L2";2015
"1516";"Defense Tech / Take-down";"L2";2015
"1517";"Taser Exhibited ";"L1";2015
"1518";"Defense Tech / Take-down";"L2";2015
"1519";"Taser Exhibited ";"L1";2015
"1520";"Taser Exhibited ";"L1";2015
"1521";"Hands / Escort tech";"L1";2015
"1522";"Hands / Escort tech";"L1";2015
"1523";"Hands / Escort tech";"L1";2015
"1524";"Defense Tech / Take-down";"L2";2015
"1525";"Defense Tech / Take-down";"L2";2015
"1526";"Firearm Exhibited";"L1";2015
"1527";"Firearm Exhibited";"L1";2015
"1528";"Defense Tech / Take-down";"L2";2015
"1529";"Firearm Exhibited";"L1";2015
"1530";"Firearm Exhibited";"L1";2015
"1531";"Firearm Exhibited";"L1";2015
"1532";"Firearm Exhibited";"L1";2015
"1533";"Taser Exhibited ";"L1";2015
"1534";"Firearm Exhibited";"L1";2015
"1535";"Firearm Exhibited";"L1";2015
"1536";"Firearm Exhibited";"L1";2015
"1537";"Firearm Exhibited";"L1";2015
"1538";"Firearm Exhibited";"L1";2015
"1539";"Firearm Exhibited";"L1";2015
"1540";"Firearm Exhibited";"L1";2015
"1541";"Firearm Exhibited";"L1";2015
"1542";"Firearm Exhibited";"L1";2015
"1543";"Firearm Exhibited";"L1";2015
"1544";"Firearm Exhibited";"L1";2015
"1545";"Firearm Exhibited";"L1";2015
"1546";"Firearm Exhibited";"L1";2015
"1547";"Hands / Escort tech";"L1";2015
"1548";"Hands / Escort tech";"L1";2015
"1549";"Hands / Escort tech";"L1";2015
"1550";"Hands / Escort tech";"L1";2015
"1551";"Hands / Escort tech";"L1";2015
"1552";"Defense Tech / Take-down";"L2";2015
"1553";"Defense Tech / Take-down";"L2";2015
"1554";"Defense Tech / Take-down";"L2";2015
"1555";"Hands / Escort tech";"L1";2015
"1556";"Defense Tech / Take-down";"L2";2015
"1557";"Hands / Escort tech";"L1";2015
"1558";"Firearm Exhibited";"L1";2015
"1559";"Taser Exhibited ";"L1";2015
"1560";"Firearm Exhibited";"L1";2015
"1561";"Firearm Exhibited";"L1";2015
"1562";"Firearm Exhibited";"L1";2015
"1563";"Firearm Exhibited";"L1";2015
"1564";"Firearm Exhibited";"L1";2015
"1565";"Firearm Exhibited";"L1";2015
"1566";"Taser Exhibited ";"L1";2015
"1567";"Taser Exhibited ";"L1";2015
"1568";"L2-Taser";"L2";2015
"1569";"Hands / Escort tech";"L1";2015
"1570";"Firearm Exhibited";"L1";2015
"1571";"Firearm Exhibited";"L1";2015
"1572";"Firearm Exhibited";"L1";2015
"1573";"Firearm Exhibited";"L1";2015
"1574";"Firearm Exhibited";"L1";2015
"1575";"Firearm Exhibited";"L1";2015
"1576";"Firearm Exhibited";"L1";2015
"1577";"Firearm Exhibited";"L1";2015
"1578";"Hands / Escort tech";"L1";2015
"1579";"Hands / Escort tech";"L1";2015
"1580";"Taser Exhibited ";"L1";2015
"1581";"L2-Taser";"L2";2015
"1582";"Hands / Escort tech";"L1";2015
"1583";"Hands / Escort tech";"L1";2015
"1584";"Hands / Escort tech";"L1";2015
"1585";"Defense Tech / Take-down";"L2";2015
"1586";"Defense Tech / Take-down";"L2";2015
"1587";"Defense Tech / Take-down";"L2";2015
"1588";"Defense Tech / Take-down";"L2";2015
"1589";"Defense Tech / Take-down";"L2";2015
"1590";"Firearm Exhibited";"L1";2015
"1591";"Firearm Exhibited";"L1";2015
"1592";"Firearm Exhibited";"L1";2015
"1593";"Firearm Exhibited";"L1";2015
"1594";"Firearm Exhibited";"L1";2015
"1595";"Firearm Exhibited";"L1";2015
"1596";"Firearm Exhibited";"L1";2015
"1597";"Firearm Exhibited";"L1";2015
"1598";"Defense Tech / Take-down";"L2";2015
"1599";"Firearm Exhibited";"L1";2015
"1600";"L2-Taser";"L2";2015
"1601";"L2-Taser";"L2";2015
"1602";"Firearm Exhibited";"L1";2015
"1603";"Firearm Exhibited";"L1";2015
"1604";"Firearm Exhibited";"L1";2015
"1605";"Firearm Exhibited";"L1";2015
"1606";"Hands / Escort tech";"L1";2015
"1607";"Hands / Escort tech";"L1";2015
"1608";"Hands / Escort tech";"L1";2015
"1609";"Hands / Escort tech";"L1";2015
"1610";"Defense Tech / Take-down";"L2";2015
"1611";"Defense Tech / Take-down";"L2";2015
"1612";"Firearm Exhibited";"L1";2015
"1613";"Firearm Exhibited";"L1";2015
"1614";"Firearm Exhibited";"L1";2015
"1615";"L2-Taser";"L2";2015
"1616";"L2-Taser";"L2";2015
"1617";"L2-Taser";"L2";2015
"1618";"L2-Taser";"L2";2015
"1619";"L2-Taser";"L2";2015
"1620";"Defense Tech / Take-down";"L2";2015
"1621";"Firearm Exhibited";"L1";2015
"1622";"Firearm Exhibited";"L1";2015
"1623";"Firearm Exhibited";"L1";2015
"1624";"Hands / Escort tech";"L1";2015
"1625";"Defense Tech / Take-down";"L2";2015
"1626";"Hands / Escort tech";"L1";2015
"1627";"Hands / Escort tech";"L1";2015
"1628";"Firearm Exhibited";"L1";2015
"1629";"Firearm Exhibited";"L1";2015
"1630";"Firearm Exhibited";"L1";2015
"1631";"Hands / Escort tech";"L1";2015
"1632";"Hands / Escort tech";"L1";2015
"1633";"Hands / Escort tech";"L1";2015
"1634";"Firearm Exhibited";"L1";2015
"1635";"Hands / Escort tech";"L1";2015
"1636";"Defense Tech / Take-down";"L2";2015
"1637";"Defense Tech / Take-down";"L2";2015
"1638";"Defense Tech / Take-down";"L2";2015
"1639";"Firearm Exhibited";"L1";2015
"1640";"Firearm Exhibited";"L1";2015
"1641";"Firearm Exhibited";"L1";2015
"1642";"Firearm Exhibited";"L1";2015
"1643";"Firearm Exhibited";"L1";2015
"1644";"Firearm Exhibited";"L1";2015
"1645";"Hands / Escort tech";"L1";2015
"1646";"Defense Tech / Take-down";"L2";2015
"1647";"Hands / Escort tech";"L1";2015
"1648";"Firearm Exhibited";"L1";2015
"1649";"Firearm Exhibited";"L1";2015
"1650";"Firearm Exhibited";"L1";2015
"1651";"Firearm Exhibited";"L1";2015
"1652";"Firearm Exhibited";"L1";2015
"1653";"Firearm Exhibited";"L1";2015
"1654";"Firearm Exhibited";"L1";2015
"1655";"Firearm Exhibited";"L1";2015
"1656";"Canine (No Bite)";"L1";2015
"1657";"Firearm Exhibited";"L1";2015
"1658";"Firearm Exhibited";"L1";2015
"1659";"Firearm Exhibited";"L1";2015
"1660";"L2-Taser";"L2";2015
"1661";"L2-Taser";"L2";2015
"1662";"Taser Exhibited ";"L1";2015
"1663";"Defense Tech / Take-down";"L2";2015
"1664";"Taser Exhibited ";"L1";2015
"1665";"Taser Exhibited ";"L1";2015
"1666";"Firearm Exhibited";"L1";2015
"1667";"Hands / Escort tech";"L1";2015
"1668";"Hands / Escort tech";"L1";2015
"1669";"Hands / Escort tech";"L1";2015
"1670";"Firearm Exhibited";"L1";2015
"1671";"Firearm Exhibited";"L1";2015
"1672";"Taser Exhibited ";"L1";2015
"1673";"Force on handcuffed individual";"L4";2015
"1674";"Firearm Exhibited";"L1";2015
"1675";"Firearm Exhibited";"L1";2015
"1676";"Firearm Exhibited";"L1";2015
"1677";"Firearm Exhibited";"L1";2015
"1678";"Firearm Exhibited";"L1";2015
"1679";"Firearm Exhibited";"L1";2015
"1680";"Firearm Exhibited";"L1";2015
"1681";"Firearm Exhibited";"L1";2015
"1682";"Firearm Exhibited";"L1";2015
"1683";"Firearm Exhibited";"L1";2015
"1684";"Firearm Exhibited";"L1";2015
"1685";"Firearm Exhibited";"L1";2015
"1686";"Not reported";"NULL";2015
"1687";"Hands / Escort tech";"L1";2015
"1688";"Defense Tech / Take-down";"L2";2015
"1689";"Taser Exhibited ";"L1";2015
"1690";"Defense Tech / Take-down";"L2";2015
"1691";"Firearm Discharged";"L4";2015
"1692";"Hands / Escort tech";"L1";2015
"1693";"L1-Other";"L1";2015
"1694";"L2-Taser";"L2";2015
"1695";"L2-Taser";"L2";2015
"1696";"Firearm Exhibited";"L1";2015
"1697";"Firearm Exhibited";"L1";2015
"1698";"Firearm Exhibited";"L1";2015
"1699";"Firearm Exhibited";"L1";2015
"1700";"Firearm Exhibited";"L1";2015
"1701";"Firearm Exhibited";"L1";2015
"1702";"Firearm Exhibited";"L1";2015
"1703";"Firearm Exhibited";"L1";2015
"1704";"Firearm Exhibited";"L1";2015
"1705";"Firearm Exhibited";"L1";2015
"1706";"Firearm Exhibited";"L1";2015
"1707";"Firearm Exhibited";"L1";2015
"1708";"Firearm Exhibited";"L1";2015
"1709";"Firearm Exhibited";"L1";2015
"1710";"Defense Tech / Take-down";"L2";2015
"1711";"Defense Tech / Take-down";"L2";2015
"1712";"Defense Tech / Take-down";"L2";2015
"1713";"Defense Tech / Take-down";"L2";2015
"1714";"Hands / Escort tech";"L1";2015
"1715";"Hands / Escort tech";"L1";2015
"1716";"Hands / Escort tech";"L1";2015
"1717";"Firearm Exhibited";"L1";2015
"1718";"Firearm Exhibited";"L1";2015
"1719";"Firearm Exhibited";"L1";2015
"1720";"Taser Exhibited ";"L1";2015
"1721";"Firearm Exhibited";"L1";2015
"1722";"Firearm Exhibited";"L1";2015
"1723";"Firearm Exhibited";"L1";2015
"1724";"Firearm Exhibited";"L1";2015
"1725";"L2-Other";"L2";2015
"1726";"L2-Taser";"L2";2015
"1727";"Defense Tech / Take-down";"L2";2015
"1728";"Hands / Escort tech";"L1";2015
"1729";"Firearm Exhibited";"L1";2015
"1730";"Hands / Escort tech";"L1";2015
"1731";"Hands / Escort tech";"L1";2015
"1732";"L1-Other";"L1";2015
"1733";"Hands / Escort tech";"L1";2015
"1734";"Hands / Escort tech";"L1";2015
"1735";"L2-Taser";"L2";2015
"1736";"Firearm Exhibited";"L1";2015
"1737";"Firearm Exhibited";"L1";2015
"1738";"Taser Exhibited ";"L1";2015
"1739";"Hands / Escort tech";"L1";2015
"1740";"Firearm Exhibited";"L1";2015
"1741";"Firearm Exhibited";"L1";2015
"1742";"Firearm Exhibited";"L1";2015
"1743";"Firearm Exhibited";"L1";2015
"1744";"Firearm Exhibited";"L1";2015
"1745";"Firearm Exhibited";"L1";2015
"1746";"Firearm Exhibited";"L1";2015
"1747";"Firearm Exhibited";"L1";2015
"1748";"Firearm Exhibited";"L1";2015
"1749";"Firearm Exhibited";"L1";2015
"1750";"Firearm Exhibited";"L1";2015
"1751";"Firearm Exhibited";"L1";2015
"1752";"Firearm Exhibited";"L1";2015
"1753";"Firearm Exhibited";"L1";2015
"1754";"Firearm Exhibited";"L1";2015
"1755";"Firearm Exhibited";"L1";2015
"1756";"Hands / Escort tech";"L1";2015
"1757";"L4-Taser";"L4";2015
"1758";"Hands / Escort tech";"L1";2015
"1759";"Hands / Escort tech";"L1";2015
"1760";"L2-Taser";"L2";2015
"1761";"Canine (No Bite)";"L1";2015
"1762";"Firearm Exhibited";"L1";2015
"1763";"Firearm Exhibited";"L1";2015
"1764";"Canine (No Bite)";"L1";2015
"1765";"Firearm Exhibited";"L1";2015
"1766";"Defense Tech / Take-down";"L2";2015
"1767";"Taser Exhibited ";"L1";2015
"1768";"Firearm Exhibited";"L1";2015
"1769";"L2-Taser";"L2";2015
"1770";"Firearm Exhibited";"L1";2015
"1771";"Taser Exhibited ";"L1";2015
"1772";"L2-Taser";"L2";2015
"1773";"Hands / Escort tech";"L1";2015
"1774";"Firearm Exhibited";"L1";2015
"1775";"Hands / Escort tech";"L1";2015
"1776";"L2-Taser";"L2";2015
"1777";"Hands / Escort tech";"L1";2015
"1778";"Defense Tech / Take-down";"L2";2015
"1779";"Hands / Escort tech";"L1";2015
"1780";"Hands / Escort tech";"L1";2015
"1781";"Taser Exhibited ";"L1";2015
"1782";"Taser Exhibited ";"L1";2015
"1783";"Hands / Escort tech";"L1";2015
"1784";"Hands / Escort tech";"L1";2015
"1785";"L2-Taser";"L2";2015
"1786";"L2-Taser";"L2";2015
"1787";"Defense Tech / Take-down";"L2";2015
"1788";"Hands / Escort tech";"L1";2015
"1789";"Hands / Escort tech";"L1";2015
"1790";"Taser Exhibited ";"L1";2015
"1791";"Firearm Exhibited";"L1";2015
"1792";"Hands / Escort tech";"L1";2015
"1793";"Hands / Escort tech";"L1";2015
"1794";"Hands / Escort tech";"L1";2015
"1795";"Defense Tech / Take-down";"L2";2015
"1796";"Defense Tech / Take-down";"L2";2015
"1797";"Defense Tech / Take-down";"L2";2015
"1798";"Hands / Escort tech";"L1";2015
"1799";"Hands / Escort tech";"L1";2015
